http://www.ec.gc.ca/gc-sc/index.cfm?lang=Fr&state=detail&id=7438&quarter=3&fiscal=2016/2017,ABEGWEIT CONSERVATION SOCIETY,"MOUNT STEWART, PE, CA",2016-09-12 ,"100 000,00 $",,Projet de restauration écologique de Savage Harbour,Entente pluriannuelle
http://www.ec.gc.ca/gc-sc/index.cfm?lang=Fr&state=detail&id=7439&quarter=3&fiscal=2016/2017,ALBERTA CONSERVATION ASSOCIATION,"SHERWOOD PARK, AB, CA",2016-10-06 ,"457 762,00 $",,Protection de l'habitat et conservation d'espèces multiples,Entente pluriannuelle
http://www.ec.gc.ca/gc-sc/index.cfm?lang=Fr&state=detail&id=7440&quarter=3&fiscal=2016/2017,ALBERTA CONSERVATION ASSOCIATION,"SHERWOOD PARK, AB, CA",2016-09-20 ,"600 000,00 $",,Protection de l'habitat pour les espèces en péril du sud de l'Alberta,Entente pluriannuelle
http://www.ec.gc.ca/gc-sc/index.cfm?lang=Fr&state=detail&id=7441&quarter=3&fiscal=2016/2017,ASSEMBLY OF FIRST NATIONS,"OTTAWA, ON, CA",2016-12-22 ,"420 000,00 $",,Capacité de soutien du travail et de l'engagement des organisations autochtones nationales,Entente pluriannuelle
http://www.ec.gc.ca/gc-sc/index.cfm?lang=Fr&state=detail&id=7442&quarter=3&fiscal=2016/2017,ASSOCIATION OF CANADIAN DELEGATES TO THE GULF OF MAINE COUNCIL ON THE MARINE ENVIRONMENT,"FREDERICTON, NB, CA",2016-10-05 ,"155 028,00 $",,Schématisation des multiples facteurs de stress et pressions sur l'environnement dans la baie de Fundy,Entente pluriannuelle
http://www.ec.gc.ca/gc-sc/index.cfm?lang=Fr&state=detail&id=7443&quarter=3&fiscal=2016/2017,ATTENTION FRAG'ÎLES,"CAP-AUX-MEULES, QC, CA",2016-10-17 ,"247 022,00 $",,Engager la communauté des Îles-de-la-Madeleine dans la protection des espèces en péril et de leurs habitats,Entente pluriannuelle
http://www.ec.gc.ca/gc-sc/index.cfm?lang=Fr&state=detail&id=7444&quarter=3&fiscal=2016/2017,ATTENTION FRAGÎLES (MOUVEMENT POUR LA VALORISATION DU PATRIMOINE NATUREL DES ÎLES-DE-LA-MADELEINE),"CAP-AUX-MEULES, QC, CA",2016-10-11 ,"152 496,00 $",,Restauration des dunes et protection des terres humides le long des côtes des îles de la Madeleine ,Entente pluriannuelle
http://www.ec.gc.ca/gc-sc/index.cfm?lang=Fr&state=detail&id=7445&quarter=3&fiscal=2016/2017,AUSABLE BAYFIELD CONSERVATION AUTHORITY,"EXETER, ON, CA",2016-11-09 ,"228 150,00 $",,Mise en ouvre du plan d'action de la rivière Ausable,Entente pluriannuelle.  Projet financé par divers ministères et organismes gouvernementaux.
http://www.ec.gc.ca/gc-sc/index.cfm?lang=Fr&state=detail&id=7446&quarter=3&fiscal=2016/2017,BIRD STUDIES CANADA,"PORT ROWAN, ON, CA",2016-11-09 ,"2 184 000,00 $",,Surveillance bénévole et science concernant les oiseaux migrateurs,Entente pluriannuelle.  Projet financé par divers ministères et organismes gouvernementaux.
http://www.ec.gc.ca/gc-sc/index.cfm?lang=Fr&state=detail&id=7447&quarter=3&fiscal=2016/2017,BLAZING STAR ENVIRONMENTAL,"OSHAWA, ON, CA",2016-11-24 ,"33 800,00 $",,Détermination et atténuation des menaces pour les massasaugas dans la péninsule Bruce,Entente pluriannuelle
http://www.ec.gc.ca/gc-sc/index.cfm?lang=Fr&state=detail&id=7448&quarter=3&fiscal=2016/2017,"BOARD OF MANAGEMENT, TORONTO ZOO","TORONTO, ON, CA",2016-12-05 ,"209 290,00 $",,"Élaboration de plans de gestion de l'habitat et amélioration de la technologie au profit des massasaugas, des rainettes faux-grillons de l'ouest et des tortues en Ontario",Entente pluriannuelle
http://www.ec.gc.ca/gc-sc/index.cfm?lang=Fr&state=detail&id=7449&quarter=3&fiscal=2016/2017,CANADIAN COALITION FOR GREEN HEALTH CARE,"BRANCHTON, ON, CA",2016-08-18 ,"85 000,00 $",,Réduction des déchets toxiques et dangereux dans le milieu des soins de santé,Entente pluriannuelle
http://www.ec.gc.ca/gc-sc/index.cfm?lang=Fr&state=detail&id=7450&quarter=3&fiscal=2016/2017,CANADIAN OIL HEAT ASSOCIATION,"LINDSAY, ON, CA",2016-09-29 ,"35 000,00 $",,Soutien à l'Association canadienne du chauffage au mazout dans le cadre de la mise en ouvre de mesures visant à réduire les risques de déversements de mazout résidentiel et leurs impacts,
http://www.ec.gc.ca/gc-sc/index.cfm?lang=Fr&state=detail&id=7451&quarter=3&fiscal=2016/2017,CANADIAN WATER NETWORK,"WATERLOO, ON, CA",2016-12-08 ,"74 500,00 $",,Eaux urbaines résiduaires et protection des bassins hydrographiques,
http://www.ec.gc.ca/gc-sc/index.cfm?lang=Fr&state=detail&id=7452&quarter=3&fiscal=2016/2017,CARLETON UNIVERSITY,"OTTAWA, ON, CA",2016-11-01 ,"300 000,00 $",,"Sort et effets des nanomatériaux dans le cadre de l'utilisation de produits, du traitement des eaux usées et de l'application de biosolides sur les terres",Entente pluriannuelle
http://www.ec.gc.ca/gc-sc/index.cfm?lang=Fr&state=detail&id=7453&quarter=3&fiscal=2016/2017,CARLETON UNIVERSITY,"OTTAWA, ON, CA",2016-11-28 ,"40 000,00 $",,Incertitudes relatives aux émissions : diffusion de l'information pour élaborer un modèle de qualité de l'air,
http://www.ec.gc.ca/gc-sc/index.cfm?lang=Fr&state=detail&id=7454&quarter=3&fiscal=2016/2017,CAROLINIAN CANADA COALITION,"LONDON, ON, CA",2016-11-24 ,"233 000,00 $",,Intendance d'habitats sains pour les espèces en péril dans l'écosystème carolinien du Canada,Entente pluriannuelle.  Le bénéficiaire redistribue les contributions et les bourses à des tiers bénéficiaires.
http://www.ec.gc.ca/gc-sc/index.cfm?lang=Fr&state=detail&id=7455&quarter=3&fiscal=2016/2017,CENTRE DE CONSERVATION DE LA NATURE DU MONT SAINT-HILLAIRE,"MONT-SAINT-HILAIRE, QC, CA",2016-10-14 ,"177 520,00 $",,Protection et amélioration de l'habitat d'espèces en péril dans la Réserve de biosphère du mont Saint-Hilaire (2016-2018),Entente pluriannuelle
http://www.ec.gc.ca/gc-sc/index.cfm?lang=Fr&state=detail&id=7456&quarter=3&fiscal=2016/2017,CITY OF KAMLOOPS,"KAMLOOPS, BC, CA",2016-11-29 ,"55 725,00 $",,Terres humides du parc Dufferin,Entente pluriannuelle
http://www.ec.gc.ca/gc-sc/index.cfm?lang=Fr&state=detail&id=7457&quarter=3&fiscal=2016/2017,CLARKSON UNIVERSITY,"POTSDAM, US",2016-11-23 ,"65 000,00 $",,Optimisation et essai d'un nouvel échantillonneur passif de dépôts secs,Entente pluriannuelle
http://www.ec.gc.ca/gc-sc/index.cfm?lang=Fr&state=detail&id=7458&quarter=3&fiscal=2016/2017,COMITÉ DE CONCERTATION ET DE VALORISATION DU BASSIN DE LA RIVIÈRE RICHELIEU,"BELOEIL, QC, CA",2016-11-02 ,"88 525,00 $",,Projet relatif aux rives : protection et amélioration des espèces en péril,Entente pluriannuelle
http://www.ec.gc.ca/gc-sc/index.cfm?lang=Fr&state=detail&id=7459&quarter=3&fiscal=2016/2017,CONGRESS OF ABORIGINAL PEOPLES,"OTTAWA, ON, CA",2016-11-22 ,"105 000,00 $",,Capacité de soutien du travail et de l'engagement des organisations autochtones nationales,Entente pluriannuelle
http://www.ec.gc.ca/gc-sc/index.cfm?lang=Fr&state=detail&id=7460&quarter=3&fiscal=2016/2017,CONSEIL DE BANDE DE NATASHQUAN,"NATASHQUAN, QC, CA",2016-11-21 ,"69 990,00 $",,Élaboration et mise en ouvre d'un code de pratique Innu Aitun concernant l'utilisation du caribou boréal sur le Nitassinan de Nutashkuan,Entente pluriannuelle
http://www.ec.gc.ca/gc-sc/index.cfm?lang=Fr&state=detail&id=7461&quarter=3&fiscal=2016/2017,CONSEIL DE GOUVERNANCE DE L'EAU DES BASSINS VERSANTS DE LA RIVIÈRE SAINT-FRANÇOIS,"SHERBROOKE, QC, CA",2016-11-08 ,"99 126,00 $",,"Mise en valeur de l'habitat de la tortue des bois, vallée de la Tomifobia en Estrie (Québec)",Entente pluriannuelle.  Projet financé par divers ministères et organismes gouvernementaux.
http://www.ec.gc.ca/gc-sc/index.cfm?lang=Fr&state=detail&id=7462&quarter=3&fiscal=2016/2017,CONSEIL DE LA NATION HURONNE-WENDAT,"WENDAKE, QC, CA",2016-11-02 ,"103 973,00 $",,"Rétablissement de la connectivité d'habitat pour l'anguille d'Amérique, étude sur l'omble chevalier et recherches historiques et contemporaines pour les espèces en péril prioritaires sur le Nionwentsïo",Entente pluriannuelle
http://www.ec.gc.ca/gc-sc/index.cfm?lang=Fr&state=detail&id=7463&quarter=3&fiscal=2016/2017,CONSEIL DE LA NATION HURONNE-WENDAT,"WENDAKE, QC, CA",2016-10-18 ,"304 110,00 $",,"Rétablissement du caribou des bois, population de Charlevoix, inventaire de tortue des bois et recherches historiques et contemporaines sur les espèces en péril sur le Nionwentsïo",Entente pluriannuelle
http://www.ec.gc.ca/gc-sc/index.cfm?lang=Fr&state=detail&id=7464&quarter=3&fiscal=2016/2017,CONSEIL DU BASSIN VERSANT DE LA RÉGION DE VAUDREUIL-SOULANGES,"RIGAUD, QC, CA",2016-11-08 ,"38 567,00 $",,Caractérisation et protection de l'habitat du poisson à Rivière-Beaudette,Entente pluriannuelle
http://www.ec.gc.ca/gc-sc/index.cfm?lang=Fr&state=detail&id=7467&quarter=3&fiscal=2016/2017,CONSEIL RÉGIONAL DE L'ENVIRONNEMENT DE LA CÔTE-NORD,"SEPT-ÎLES, QC, CA",2016-11-21 ,"82 190,00 $",,Restauration de la Pointe de Moisie,Entente pluriannuelle
http://www.ec.gc.ca/gc-sc/index.cfm?lang=Fr&state=detail&id=7468&quarter=3&fiscal=2016/2017,CONSEIL RÉGIONAL DE L'ENVIRONNEMENT DU CENTRE-DU-QUÉBEC,"DRUMMONDVILLE, QC, CA",2016-11-03 ,"48 490,00 $",,Conservation de l'habitat du poisson dans le bassin hydrographique de Ruisseau Kelly,Entente pluriannuelle
http://www.ec.gc.ca/gc-sc/index.cfm?lang=Fr&state=detail&id=7465&quarter=3&fiscal=2016/2017,CONSEIL RÉGIONAL DE L'ENVIRONNEMENT DU CENTRE-DU-QUÉBEC (CRECQ) ,"DRUMMONDVILLE, QC, CA",2016-11-03 ,"35 000,00 $",,"Engagement des intervenants et mise en ouvre de la stratégie de conservation des habitats prioritaires du Centre du Québec, une région clé des Basses-terres du St-Laurent",
http://www.ec.gc.ca/gc-sc/index.cfm?lang=Fr&state=detail&id=7466&quarter=3&fiscal=2016/2017,CONSEIL RÉGIONAL DE L'ENVIRONNEMENT ET DU DÉVELOPPEMENT DURABLE DU SAGUENAY-LAC-SAINT-JEAN,"ALMA, QC, CA",2016-10-28 ,"81 383,00 $",,Projet d'implantation et de promotion d'un réseau régional de stationnements incitatifs pour encourager le covoiturage et d'autres modes de transport que l' « autosolo »,Entente pluriannuelle
http://www.ec.gc.ca/gc-sc/index.cfm?lang=Fr&state=detail&id=7469&quarter=3&fiscal=2016/2017,"COOPER MARSH CONSERVATORS, INC.","CORNWALL, ON, CA",2016-11-24 ,"76 800,00 $",,Restauration de l'habitat dans une zone humide détériorée en raison de la construction de caches d'observation,
http://www.ec.gc.ca/gc-sc/index.cfm?lang=Fr&state=detail&id=7470&quarter=3&fiscal=2016/2017,CORPORATION DE L'AMÉNAGEMENT DE LA RIVIÈRE L'ASSOMPTION,"JOLIETTE, QC, CA",2016-11-02 ,"86 480,00 $",,Favoriser la conservation des espèces en péril du sud de Lanaudière en encourageant l'implication collective dans l'atténuation des menaces sur les habitats,Entente pluriannuelle
http://www.ec.gc.ca/gc-sc/index.cfm?lang=Fr&state=detail&id=7471&quarter=3&fiscal=2016/2017,CORPORATION OF THE CITY OF BARRIE,"BARRIE, ON, CA",2016-09-19 ,"109 000,00 $",,Projet de naturalisation et de dérivation de bassin à Dyment Creek,
http://www.ec.gc.ca/gc-sc/index.cfm?lang=Fr&state=detail&id=7472&quarter=3&fiscal=2016/2017,CORPORATION OF THE DISTRICT OF OAK BAY,"OAK BAY, BC, CA",2016-10-27 ,"101 196,00 $",,Restauration de l'habitat essentiel à la survie de 14 espèces en péril inscrites au titre de la Loi sur les espèces en péril dans le parc Uplands,Entente pluriannuelle
http://www.ec.gc.ca/gc-sc/index.cfm?lang=Fr&state=detail&id=7473&quarter=3&fiscal=2016/2017,CORPORATION OF THE TOWN OF INNISFIL,"INNISFIL, ON, CA",2016-09-07 ,"138 200,00 $",,Projet de rétablissement et de mise hors service du bassin raccordé au réseau du ruisseau Lovers,
http://www.ec.gc.ca/gc-sc/index.cfm?lang=Fr&state=detail&id=7474&quarter=3&fiscal=2016/2017,CORPORATION OF THE TOWN OF NEWMARKET,"NEWMARKET, ON, CA",2016-10-07 ,"155 325,00 $",,Gestion des eaux pluviales et rétablissement du ruisseau du parc Lion,
http://www.ec.gc.ca/gc-sc/index.cfm?lang=Fr&state=detail&id=7475&quarter=3&fiscal=2016/2017,CORRIDOR APPALACHIEN,"EASTMAN, QC, CA",2016-11-14 ,"80 000,00 $",,Protection de corridors naturels validés sur le territoire du corridor appalachien,Entente pluriannuelle
http://www.ec.gc.ca/gc-sc/index.cfm?lang=Fr&state=detail&id=7476&quarter=3&fiscal=2016/2017,COUNTY OF BARRHEAD,"BARRHEAD, AB, CA",2016-09-12 ,"27 000,00 $",,Maintien et restauration de l'habitat de la petite chauve-souris brune dans le Centre-Nord de l'Alberta et collecte de données,
http://www.ec.gc.ca/gc-sc/index.cfm?lang=Fr&state=detail&id=7477&quarter=3&fiscal=2016/2017,COVABAR,"BELOEIL, QC, CA",2016-10-25 ,"44 660,00 $",,Protection des rives et des terres humides dans le bassin hydrographique de la rivière du Sud,
http://www.ec.gc.ca/gc-sc/index.cfm?lang=Fr&state=detail&id=7478&quarter=3&fiscal=2016/2017,COWICHAN COMMUNITY LAND TRUST SOCIETY,"DUNCAN, BC, CA",2016-11-15 ,"400 000,00 $",,Projet de protection de l'habitat de la région herbagère d'Eagle Heights,
http://www.ec.gc.ca/gc-sc/index.cfm?lang=Fr&state=detail&id=7479&quarter=3&fiscal=2016/2017,COWS AND FISH - ALBERTA RIPARIAN HABITAT MANAGEMENT SOCIETY,"LETHBRIDGE, AB, CA",2016-11-29 ,"205 000,00 $",,Élaboration et mise en ouvre de mesures visant à améliorer la gestion de l'habitat de la truite fardée versant de l'ouest dans le sud-ouest de l'Alberta,Entente pluriannuelle.  Projet financé par divers ministères et organismes gouvernementaux.
http://www.ec.gc.ca/gc-sc/index.cfm?lang=Fr&state=detail&id=7480&quarter=3&fiscal=2016/2017,CYBERNET CAFÉ DE TROIS-RIVIÈRES ,"TROIS-RIVIERES, QC, CA",2016-11-28 ,"33 000,00 $",,Ruelles vertes et comestibles « Notre-Dame-Nature »,Entente pluriannuelle
http://www.ec.gc.ca/gc-sc/index.cfm?lang=Fr&state=detail&id=7481&quarter=3&fiscal=2016/2017,DALHOUSIE UNIVERSITY,"HALIFAX, NS, CA",2016-10-18 ,"250 000,00 $",,Biodiversité et fonctionnement des écosystèmes dans les zones humides boisées du Canada atlantique,Entente pluriannuelle.  Projet financé par divers ministères et organismes gouvernementaux.
http://www.ec.gc.ca/gc-sc/index.cfm?lang=Fr&state=detail&id=7482&quarter=3&fiscal=2016/2017,DALHOUSIE UNIVERSITY,"HALIFAX, NS, CA",2016-11-29 ,"160 000,00 $",,Récupération et interprétation de polluants atmosphériques provenant des émissions de la troposphère : instrument géostationnaire de surveillance de la pollution,Entente pluriannuelle.  Projet financé par divers ministères et organismes gouvernementaux.
http://www.ec.gc.ca/gc-sc/index.cfm?lang=Fr&state=detail&id=7483&quarter=3&fiscal=2016/2017,DISCOVERY COAST GREENWAYS LAND TRUST,"CAMPBELL RIVER, BC, CA",2016-10-25 ,"108 850,00 $",,Rétablissement des fonctions écologiques dans l'estuaire de la rivière Campbell,Entente pluriannuelle.  Projet financé par divers ministères et organismes gouvernementaux.
http://www.ec.gc.ca/gc-sc/index.cfm?lang=Fr&state=detail&id=7484&quarter=3&fiscal=2016/2017,DRAINAGE INVESTMENT GROUP,"NIAGARA FALLS, ON, CA",2016-10-31 ,"81 500,00 $",,Réduction du phosphore au moyen de techniques de restauration dans deux cours d'eau ,
http://www.ec.gc.ca/gc-sc/index.cfm?lang=Fr&state=detail&id=7485&quarter=3&fiscal=2016/2017,DUCKS UNLIMITED CANADA,"STONEWALL, MB, CA",2016-11-02 ,"612 859,00 $",,"Protection et restauration des zones humides de la région des prairies-parc de la Saskatchewan : paysages cibles d'Allan Hills, de Dana Hills, de Thickwood Hills, du côteau du Missouri, de Lightning, de Virden (Saskatchewan) et de Pheasant Hills",Entente pluriannuelle
http://www.ec.gc.ca/gc-sc/index.cfm?lang=Fr&state=detail&id=7486&quarter=3&fiscal=2016/2017,DUCKS UNLIMITED CANADA,"STONEWALL, MB, CA",2016-10-03 ,"612 859,00 $",,"Protection et restauration des zones humides de la région des prairies-parc de la Saskatchewan : Touchwood/Beaver Hills, Conjuring Creek et portion supérieure du bassin hydrographique de la rivière Assiniboine",Entente pluriannuelle
http://www.ec.gc.ca/gc-sc/index.cfm?lang=Fr&state=detail&id=7487&quarter=3&fiscal=2016/2017,DUCKS UNLIMITED CANADA,"STONEWALL, MB, CA",2016-10-03 ,"612 860,00 $",,"Protection et restauration des zones humides des paysages cibles de l'écozone des Prairies du Manitoba : paysages cibles de Killarney, de Virden, de Minnedosa-Shoal Lake et d'Alexander-Griswold dans le cadre du Projet conjoint Habitat des Prairies (PCHP)",Entente pluriannuelle.  Le bénéficiaire redistribue les contributions et les bourses à des tiers bénéficiaires.
http://www.ec.gc.ca/gc-sc/index.cfm?lang=Fr&state=detail&id=7488&quarter=3&fiscal=2016/2017,DUCKS UNLIMITED CANADA,"EDMONTON, AB, CA",2016-10-12 ,"97 193,00 $",,MarshKeepers,Entente pluriannuelle.  Projet financé par divers ministères et organismes gouvernementaux.
http://www.ec.gc.ca/gc-sc/index.cfm?lang=Fr&state=detail&id=7489&quarter=3&fiscal=2016/2017,DUCKS UNLIMITED CANADA,"STONEWALL, MB, CA",2016-10-24 ,"199 711,00 $",,Écozone des plaines boisées mixtes de la région du sud des Grands Lacs : reconstruction et restauration des zones humides,
http://www.ec.gc.ca/gc-sc/index.cfm?lang=Fr&state=detail&id=7490&quarter=3&fiscal=2016/2017,DUCKS UNLIMITED CANADA,"STONEWALL, MB, CA",2016-11-04 ,"43 000,00 $",,Restauration de l'habitat du petit blongios dans les zones humides de l'île Amherst,
http://www.ec.gc.ca/gc-sc/index.cfm?lang=Fr&state=detail&id=7491&quarter=3&fiscal=2016/2017,EAGLE POINT - BLUE RAPIDS PARKS COUNCIL,"DRAYTON VALLEY, AB, CA",2016-09-27 ,"275 395,00 $",,Mise en valeur des milieux humides de la zone de loisirs provinciale de Blue Rapids,Entente pluriannuelle
http://www.ec.gc.ca/gc-sc/index.cfm?lang=Fr&state=detail&id=7492&quarter=3&fiscal=2016/2017,ÉCO-NATURE,"LAVAL, QC, CA",2016-10-04 ,"396 679,00 $",,"Projets d'intendance pour le rétablissement des espèces en péril de la rivière des Mille Îles et la conservation de leurs habitats 2016-2017, 2017-2018 et 2018-2019",Entente pluriannuelle.  Projet financé par divers ministères et organismes gouvernementaux.
http://www.ec.gc.ca/gc-sc/index.cfm?lang=Fr&state=detail&id=7493&quarter=3&fiscal=2016/2017,ESSEX REGION CONSERVATION AUTHORITY,"ESSEX, ON, CA",2016-11-04 ,"520 000,00 $",,Projet de création de zones humides côtières à Sturgeon Creek,Entente pluriannuelle
http://www.ec.gc.ca/gc-sc/index.cfm?lang=Fr&state=detail&id=7494&quarter=3&fiscal=2016/2017,ESSEX REGION CONSERVATION AUTHORITY,"ESSEX, ON, CA",2016-11-04 ,"273 480,00 $",,Projet de rétablissement d'espèces multiples dans le bassin ouest du lac Érié,Entente pluriannuelle
http://www.ec.gc.ca/gc-sc/index.cfm?lang=Fr&state=detail&id=7495&quarter=3&fiscal=2016/2017,ESSEX REGION CONSERVATION AUTHORITY,"ESSEX, ON, CA",2016-11-04 ,"304 970,00 $",,Projet relatif aux espèces de poissons en péril de la région Érie-Essex,Entente pluriannuelle
http://www.ec.gc.ca/gc-sc/index.cfm?lang=Fr&state=detail&id=7496&quarter=3&fiscal=2016/2017,ESSEX REGION CONSERVATION AUTHORITY,"ESSEX, ON, CA",2016-10-24 ,"93 500,00 $",,Restauration des terres humides dans la région d'Essex,
http://www.ec.gc.ca/gc-sc/index.cfm?lang=Fr&state=detail&id=7497&quarter=3&fiscal=2016/2017,ESSEX REGION CONSERVATION AUTHORITY,"ESSEX, ON, CA",2016-11-04 ,"645 000,00 $",,Acquisition de terrains pour les espèces en péril dans la région d'Essex,
http://www.ec.gc.ca/gc-sc/index.cfm?lang=Fr&state=detail&id=7498&quarter=3&fiscal=2016/2017,FÉDÉRATION DE L'UNION DES PRODUCTEURS AGRICOLES DE LA MONRÉRÉGIE,"SAINT-HYACINTHE, QC, CA",2016-10-12 ,"310 231,00 $",,Ruisseaux Hazen-Bleury et à la Barbotte : sensibilisation et aménagements en milieu agricole pour améliorer la qualité de l'eau et des habitats,Entente pluriannuelle
http://www.ec.gc.ca/gc-sc/index.cfm?lang=Fr&state=detail&id=7499&quarter=3&fiscal=2016/2017,FÉDÉRATION DE L'UNION DES PRODUCTEURS AGRICOLES DE LA MONRÉRÉGIE,"SAINT-HYACINTHE, QC, CA",2016-10-12 ,"184 490,00 $",,"Rivière Huron, phase II : le milieu agricole à l'ouvre pour le rétablissement du chevalier cuivré",
http://www.ec.gc.ca/gc-sc/index.cfm?lang=Fr&state=detail&id=7500&quarter=3&fiscal=2016/2017,FONDATION DE LA FAUNE DU QUÉBEC,"QUEBEC, QC, CA",2016-12-19 ,"160 000,00 $",,Protection et conservation de l'habitat d'espèces en péril adjacent aux parcs provinciaux du Québec - Phase II,Entente pluriannuelle.  Le bénéficiaire redistribue les contributions et les bourses à des tiers bénéficiaires.
http://www.ec.gc.ca/gc-sc/index.cfm?lang=Fr&state=detail&id=7501&quarter=3&fiscal=2016/2017,FRASER VALLEY CONSERVANCY,"ABBOTSFORD, BC, CA",2016-11-02 ,"204 577,00 $",,Établissement de liens sur le plan de la conservation aux fins du rétablissement d'espèces en péril sur la côte sud de la Colombie-Britannique,Entente pluriannuelle
http://www.ec.gc.ca/gc-sc/index.cfm?lang=Fr&state=detail&id=7502&quarter=3&fiscal=2016/2017,GRANBY WILDERNESS SOCIETY,"GRAND FORKS, BC, CA",2016-10-25 ,"33 000,00 $",,Favoriser l'intendance des espèces en péril dans les forêts de peupliers riveraines du sud de la Colombie-Britannique,
http://www.ec.gc.ca/gc-sc/index.cfm?lang=Fr&state=detail&id=7503&quarter=3&fiscal=2016/2017,GROUPE PROCONSEIL,"SAINT-HYACINTHE, QC, CA",2016-09-15 ,"28 381,00 $",,Restauration écologique d'un tronçon du ruisseau Beloeil dans le parc industriel de Sainte-Julie,Entente pluriannuelle
http://www.ec.gc.ca/gc-sc/index.cfm?lang=Fr&state=detail&id=7504&quarter=3&fiscal=2016/2017,HALDIMAND STEWARDSHIP COUNCIL,"CAYUGA, ON, CA",2016-11-28 ,"300 000,00 $",,Programme de reboisement des propriétaires fonciers visant à accroître l'habitat forestier dans l'ensemble du comté de Haldimand et de la péninsule du Niagara,Entente pluriannuelle
http://www.ec.gc.ca/gc-sc/index.cfm?lang=Fr&state=detail&id=7505&quarter=3&fiscal=2016/2017,HOLLAND MARSH GROWERS ASSOCIATION,"BRADFORD, ON, CA",2016-10-03 ,"330 000,00 $",,"Création, mise à l'essai et adoption de nouveaux nettoyants pour l'équipement de récolte des légumes",
http://www.ec.gc.ca/gc-sc/index.cfm?lang=Fr&state=detail&id=7506&quarter=3&fiscal=2016/2017,IKANAWTIKET ENVIRONMENTAL INCORPORATED,"TRURO, NS, CA",2016-09-27 ,"90 562,00 $",,Établissement des priorités et exécution de l'évaluation de la tortue des bois en Nouvelle-Écosse (2016-2018),Entente pluriannuelle
http://www.ec.gc.ca/gc-sc/index.cfm?lang=Fr&state=detail&id=7507&quarter=3&fiscal=2016/2017,INSTITUT DE DÉVELOPPEMENT DURABLE DES PREMIÈRES NATIONS DU QUÉBEC ET DU LABRADOR,"WENDAKE, QC, CA",2016-12-21 ,"50 000,00 $",,Participation des Premières Nations dans le développement du cadre canadien pour la croissance propre et la lutte contre les changements climatiques ,
http://www.ec.gc.ca/gc-sc/index.cfm?lang=Fr&state=detail&id=7508&quarter=3&fiscal=2016/2017,INTER-AMERICAN INSTITUTE FOR GLOBAL CHANGE RESEARCH,"MONTEVIDEO, UY",2016-10-31 ,"190 575,00 $",,Contribution du Canada pour 2016-2017 à l'Institut interaméricain de recherche sur les changements à l'échelle du globe (IAI),
http://www.ec.gc.ca/gc-sc/index.cfm?lang=Fr&state=detail&id=7509&quarter=3&fiscal=2016/2017,INTERGOVERNMENTAL PANEL ON CLIMATE CHANGE,"GENEVA, CH",2016-10-31 ,"150 000,00 $",,Contribution de 2016-2017 du Canada au Groupe intergouvernemental d'experts sur l'évolution du climat (GIEC),
http://www.ec.gc.ca/gc-sc/index.cfm?lang=Fr&state=detail&id=7510&quarter=3&fiscal=2016/2017,INTERNATIONAL COUNCIL OF CLEAN TRANSPORTATION,"WASHINGTON, US",2016-11-30 ,"100 000,00 $",,Atténuation des émissions de gaz à effet de serre produites par les avions,Entente pluriannuelle
http://www.ec.gc.ca/gc-sc/index.cfm?lang=Fr&state=detail&id=7511&quarter=3&fiscal=2016/2017,INUIT CIRCUMPOLAR COUNCIL,"OTTAWA, ON, CA",2016-10-28 ,"105 000,00 $",,Capacité de soutien du travail et de l'engagement des organisations autochtones nationales,Entente pluriannuelle
http://www.ec.gc.ca/gc-sc/index.cfm?lang=Fr&state=detail&id=7512&quarter=3&fiscal=2016/2017,INUIT TAPIRIIT KANATAMI,"OTTAWA, ON, CA",2016-12-06 ,"150 000,00 $",,Capacité de soutien du travail et de l'engagement des organisations autochtones nationales,Entente pluriannuelle
http://www.ec.gc.ca/gc-sc/index.cfm?lang=Fr&state=detail&id=7513&quarter=3&fiscal=2016/2017,KAWARTHA LAND TRUST,"PETERBOROUGH, ON, CA",2016-11-24 ,"120 000,00 $",,Mise en place d'un système de patrimoine naturel afin de protéger les espèces prioritaires dans la région de Kawarthas en Ontario,Entente pluriannuelle.  Le bénéficiaire redistribue les contributions et les bourses à des tiers bénéficiaires.
http://www.ec.gc.ca/gc-sc/index.cfm?lang=Fr&state=detail&id=7514&quarter=3&fiscal=2016/2017,KITASOO FISHERIES PROGRAM,"KLEMTU, BC, CA",2016-12-20 ,"108 960,00 $",,Projet d'intendance de l'ormeau de Kitasoo,Entente pluriannuelle
http://www.ec.gc.ca/gc-sc/index.cfm?lang=Fr&state=detail&id=7515&quarter=3&fiscal=2016/2017,LA SALICORNE,"GRANDE-ENTRÉE, QC, CA",2016-12-21 ,"75 000,00 $",,Projet visant à sensibiliser la population en ce qui concerne les espèces en voie de disparition et les oiseaux migrateurs dans la réserve nationale de faune de Pointe-de-l'Est,Entente pluriannuelle
http://www.ec.gc.ca/gc-sc/index.cfm?lang=Fr&state=detail&id=7516&quarter=3&fiscal=2016/2017,LAKE HURON CENTRE FOR COASTAL CONSERVATION,"GODERICH, ON, CA",2016-10-14 ,"35 000,00 $",,Pratiques de gestion exemplaires dans les zones humides côtières du lac Huron aux fins de la protection des espèces de tortues en péril,
http://www.ec.gc.ca/gc-sc/index.cfm?lang=Fr&state=detail&id=7517&quarter=3&fiscal=2016/2017,LAKE SIMCOE REGION CONSERVATION AUTHORITY,"NEWMARKET, ON, CA",2016-10-25 ,"100 541,00 $",,Projet d'amélioration de l'eau d'amont de Western Creek au complexe de loisirs Ray Twinney,
http://www.ec.gc.ca/gc-sc/index.cfm?lang=Fr&state=detail&id=7518&quarter=3&fiscal=2016/2017,LAND CARE NIAGARA,"GRIMSBY, ON, CA",2016-11-28 ,"161 050,00 $",,Aménagement de l'habitat du monarque dans la région de Niagara et dans le comté de Haldimand,
http://www.ec.gc.ca/gc-sc/index.cfm?lang=Fr&state=detail&id=7519&quarter=3&fiscal=2016/2017,LHEIDLI T'ENNEH BAND,"PRINCE GEORGE, BC, CA",2016-10-28 ,"81 600,00 $",,Esturgeon blanc du cours supérieur du Fraser; amélioration d'habitats importants,Entente pluriannuelle
http://www.ec.gc.ca/gc-sc/index.cfm?lang=Fr&state=detail&id=7520&quarter=3&fiscal=2016/2017,LONG POINT BASIN LAND TRUST,"PORT ROWAN, ON, CA",2016-10-14 ,"38 450,00 $",,Conservation des reptiles caroliniens au moyen de mesures d'intendance et de rétablissement,
http://www.ec.gc.ca/gc-sc/index.cfm?lang=Fr&state=detail&id=7521&quarter=3&fiscal=2016/2017,LONG POINT WORLD BIOSPHERE RESERVE FOUNDATION,"PORT ROWAN, ON, CA",2016-10-14 ,"135 425,00 $",,Plan communautaire visant à réduire le nombre d'animaux appartenant à des espèces en péril tués sur la route en remblai de Long Point,
http://www.ec.gc.ca/gc-sc/index.cfm?lang=Fr&state=detail&id=7522&quarter=3&fiscal=2016/2017,LOWER THAMES VALLEY CONSERVATION AUTHORITY,"CHATHAM, ON, CA",2016-10-14 ,"100 000,00 $",,Programme de restauration des terres humides,
http://www.ec.gc.ca/gc-sc/index.cfm?lang=Fr&state=detail&id=7523&quarter=3&fiscal=2016/2017,MANITOBA HABITAT HERITAGE CORPORATION,"WINNIPEG, MB, CA",2016-09-28 ,"340 000,00 $",,Remise en état des marmites torrentielles : projet de restauration des zones humides du Manitoba,Entente pluriannuelle
http://www.ec.gc.ca/gc-sc/index.cfm?lang=Fr&state=detail&id=7524&quarter=3&fiscal=2016/2017,MANITOBA MÉTIS FEDERATION,"WINNIPEG, MB, CA",2016-11-15 ,"97 000,00 $",,Exploitation des oiseaux migrateurs par les Métis au Manitoba,
http://www.ec.gc.ca/gc-sc/index.cfm?lang=Fr&state=detail&id=7525&quarter=3&fiscal=2016/2017,MARINE EDUCATION AND RESEARCH SOCIETY,"ALERT BAY, BC, CA",2016-10-11 ,"121 375,00 $",,Programme visant à atténuer les menaces anthropiques pour les espèces de cétacés en péril dans la zone côtière de la Colombie-Britannique,Entente pluriannuelle.  Projet financé par divers ministères et organismes gouvernementaux.
http://www.ec.gc.ca/gc-sc/index.cfm?lang=Fr&state=detail&id=7526&quarter=3&fiscal=2016/2017,MEEWASIN VALLEY AUTHORITY,"SASKATOON, SK, CA",2016-11-29 ,"156 916,00 $",,Amélioration de l'habitat herbager d'oiseaux dans la région de Saskatoon,Entente pluriannuelle
http://www.ec.gc.ca/gc-sc/index.cfm?lang=Fr&state=detail&id=7527&quarter=3&fiscal=2016/2017,MÉTIS NATION OF ONTARIO,"FORT FRANCES, ON, CA",2016-12-02 ,"97 000,00 $",,Exploitation des oiseaux migrateurs par les Métis en Ontario,Projet financé par divers ministères et organismes gouvernementaux.
http://www.ec.gc.ca/gc-sc/index.cfm?lang=Fr&state=detail&id=7528&quarter=3&fiscal=2016/2017,MILK RIVER WATERSHED COUNCIL CANADA,"MILK RIVER, AB, CA",2016-11-25 ,"60 050,00 $",,Projet d'intendance de l'habitat d'hivernage de la rivière Milk,Entente pluriannuelle.  Projet financé par divers ministères et organismes gouvernementaux.
http://www.ec.gc.ca/gc-sc/index.cfm?lang=Fr&state=detail&id=7529&quarter=3&fiscal=2016/2017,MOOSE JAW RIVER WATERSHED STEWARDS INC,"MOOSE JAW, SK, CA",2016-07-27 ,"55 600,00 $",,Projet d'aménagement de l'habitat des espèces en péril de Moose Jaw River Watershed Stewards Inc.,Entente pluriannuelle
http://www.ec.gc.ca/gc-sc/index.cfm?lang=Fr&state=detail&id=7530&quarter=3&fiscal=2016/2017,NATIVE WOMEN'S ASSOCIATION OF CANADA,"OTTAWA, ON, CA",2016-12-02 ,"105 000,00 $",,Capacité de soutien du travail et de l'engagement des organisations autochtones nationales,Entente pluriannuelle
http://www.ec.gc.ca/gc-sc/index.cfm?lang=Fr&state=detail&id=7531&quarter=3&fiscal=2016/2017,NATURE CANADA,"OTTAWA, ON, CA",2016-11-07 ,"63 656,00 $",,Mobilisation de la population dans le cadre du rétablissement des hirondelles noires et d'autres espèces d'oiseaux insectivores aériens : mise en ouvre de mesures clés,Entente pluriannuelle
http://www.ec.gc.ca/gc-sc/index.cfm?lang=Fr&state=detail&id=7532&quarter=3&fiscal=2016/2017,NATURE CANADA,"OTTAWA, ON, CA",2016-11-25 ,"375 000,00 $",,CommuNature,Entente pluriannuelle.  Projet financé par divers ministères et organismes gouvernementaux.
http://www.ec.gc.ca/gc-sc/index.cfm?lang=Fr&state=detail&id=7533&quarter=3&fiscal=2016/2017,NATURE CANTONS-DE-L'EST,"SHERBROOKE, QC, CA",2016-12-19 ,"62 500,00 $",,Mobilisation des propriétaires fonciers des monts Stoke aux fins de la protection des espèces en péril,Entente pluriannuelle
http://www.ec.gc.ca/gc-sc/index.cfm?lang=Fr&state=detail&id=7534&quarter=3&fiscal=2016/2017,NATURE MANITOBA,"WINNIPEG, MB, CA",2016-08-09 ,"42 765,00 $",,Initiative relative au martinet ramoneur du Manitoba - Protection de l'habitat et engagement des intendants,Entente pluriannuelle
http://www.ec.gc.ca/gc-sc/index.cfm?lang=Fr&state=detail&id=7535&quarter=3&fiscal=2016/2017,NATURE SASKATCHEWAN,"REGINA, SK, CA",2016-09-06 ,"359 000,00 $",,Stewards de la Saskatchewan : conservation de l'habitat des espèces d'oiseaux en péril,Entente pluriannuelle.  Projet financé par divers ministères et organismes gouvernementaux.
http://www.ec.gc.ca/gc-sc/index.cfm?lang=Fr&state=detail&id=7536&quarter=3&fiscal=2016/2017,NATURE-ACTION QUÉBEC,"BELOEIL, QC, CA",2016-12-05 ,"76 767,00 $",,Restauration et amélioration des zones humides dans le boisé Du Tremblay et le Bois de Brossard dans la région de la Montérégie,Entente pluriannuelle
http://www.ec.gc.ca/gc-sc/index.cfm?lang=Fr&state=detail&id=7537&quarter=3&fiscal=2016/2017,NATURE-ACTION QUÉBEC,"BELOEIL, QC, CA",2017-01-06 ,"1 633 127,00 $",,Renforcement de la protection des habitats des espèces en péril en collaboration avec les partenaires et les intervenants (2016-2019),Entente pluriannuelle
http://www.ec.gc.ca/gc-sc/index.cfm?lang=Fr&state=detail&id=7538&quarter=3&fiscal=2016/2017,NATURESERVE CANADA,"OTTAWA, ON, CA",2016-10-05 ,"2 100 000,00 $",,Amélioration de la disponibilité des données relatives aux espèces aux fins de l'exécution du programme des espèces en péril,Entente pluriannuelle.  Projet financé par divers ministères et organismes gouvernementaux.
http://www.ec.gc.ca/gc-sc/index.cfm?lang=Fr&state=detail&id=7539&quarter=3&fiscal=2016/2017,NECHAKO WHITE STURGEON RECOVERY INITIATIVE,"VANDERHOOF, BC, CA",2016-10-25 ,"28 695,00 $",,"Promotion de la conservation et du repeuplement de la population d'esturgeon blanc de la rivière Nechako, une espèce en voie de disparition, dans le cadre de projets d'intendance axés sur la sensibilisation et la réduction des dommages",
http://www.ec.gc.ca/gc-sc/index.cfm?lang=Fr&state=detail&id=7540&quarter=3&fiscal=2016/2017,NELSON RIVER STURGEON BOARD,"THOMPSON, MB, CA",2016-11-10 ,"48 100,00 $",,Survie des esturgeons jaunes juvéniles dans le cours supérieur du fleuve Nelson et préférence relative à l'habitat,Entente pluriannuelle
http://www.ec.gc.ca/gc-sc/index.cfm?lang=Fr&state=detail&id=7541&quarter=3&fiscal=2016/2017,NORTH COAST CETACEAN SOCIETY,"QUALICUM BEACH, BC, CA",2016-10-11 ,"54 000,00 $",,Laboratoire Cetacealab et Première Nation Gitga'at : projet d'intendance conjointe visant à protéger les espèces de baleines menacées,
http://www.ec.gc.ca/gc-sc/index.cfm?lang=Fr&state=detail&id=7542&quarter=3&fiscal=2016/2017,NOTTAWASAGA VALLEY CONSERVATION AUTHORITY,"UTOPIA, ON, CA",2016-11-24 ,"190 717,00 $",,"Rétablissement et amélioration de la rivière dans le sous-bassin hydrographique de la rivière Mad, en Ontario",Entente pluriannuelle.  Le bénéficiaire redistribue les contributions et les bourses à des tiers bénéficiaires.
http://www.ec.gc.ca/gc-sc/index.cfm?lang=Fr&state=detail&id=7543&quarter=3&fiscal=2016/2017,NOTTAWASAGA VALLEY CONSERVATION AUTHORITY,"UTOPIA, ON, CA",2016-10-14 ,"40 000,00 $",,Projet de création d'habitat dans les milieux humides de Minesing,
http://www.ec.gc.ca/gc-sc/index.cfm?lang=Fr&state=detail&id=7544&quarter=3&fiscal=2016/2017,NOVA SCOTIA NATURE TRUST,"HALIFAX, NS, CA",2016-11-08 ,"78 450,00 $",,Protection de la biodiversité des eaux douces au moyen de la conservation et de la gestion des terres,Entente pluriannuelle
http://www.ec.gc.ca/gc-sc/index.cfm?lang=Fr&state=detail&id=7545&quarter=3&fiscal=2016/2017,NUNATUKAVUT COMMUNITY COUNCIL,"HAPPY VALLEY-GOOSE BAY, NL, CA",2016-12-07 ,"50 000,00 $",,Exploitation des oiseaux migrateurs au NunatuKavut (Labrador),
http://www.ec.gc.ca/gc-sc/index.cfm?lang=Fr&state=detail&id=7546&quarter=3&fiscal=2016/2017,NUNAVUT TUNNGAVIK INC.,"IQALUIT, NU, CA",2016-10-06 ,"8 500 000,00 $",,"Mettre en ouvre un programme communautaire de promotion de l'écotourisme, y compris un Fonds des entreprises touristiques inuites, des initiatives écotouristiques pour les trois réserves nationales de faune (RNF) au Nunavut, des inventaires des ressources culturelles et du matériel d'interprétation.",Entente pluriannuelle
http://www.ec.gc.ca/gc-sc/index.cfm?lang=Fr&state=detail&id=7547&quarter=3&fiscal=2016/2017,OKANAGAN BASIN WATER BOARD,"KELOWNA, BC, CA",2016-12-01 ,"50 000,00 $",,Modélisation des eaux souterraines de Mission Creek,
http://www.ec.gc.ca/gc-sc/index.cfm?lang=Fr&state=detail&id=7548&quarter=3&fiscal=2016/2017,OKANAGAN COLLABORATIVE CONSERVATION PROGRAM C/O ALLAN BROOKS NATURE CENTRE,"VERNON, BC, CA",2016-12-01 ,"50 000,00 $",,Amélioration de la planification environnementale dans la région de l'Okanagan,
http://www.ec.gc.ca/gc-sc/index.cfm?lang=Fr&state=detail&id=7549&quarter=3&fiscal=2016/2017,OKANAGAN NATION ALLIANCE,"WESTBANK, BC, CA",2016-11-15 ,"282 518,00 $",,"Programme ECOmmunity de restauration des plaines inondables (lieux et occupants) : acquisition de terrains, synthèse de la surveillance et options en matière d'ingénierie",Entente pluriannuelle.  Projet financé par divers ministères et organismes gouvernementaux.
http://www.ec.gc.ca/gc-sc/index.cfm?lang=Fr&state=detail&id=7550&quarter=3&fiscal=2016/2017,OKANAGAN NATION ALLIANCE,"WESTBANK, BC, CA",2016-12-01 ,"49 778,00 $",,Projet d'habitat aquatique des affluents d'Okanagan,
http://www.ec.gc.ca/gc-sc/index.cfm?lang=Fr&state=detail&id=7551&quarter=3&fiscal=2016/2017,OKANAGAN NATION ALLIANCE,"WESTBANK, BC, CA",2016-12-22 ,"54 230,00 $",,"Stratégie relative aux zones humides d'Okanagan; Alliance de la Nation Okanagan - Régie des eaux du bassin de l'Okanagan : collaboration en matière de restauration, de surveillance et de mise en valeur des zones humides et de création de sites",Projet financé par divers ministères et organismes gouvernementaux.
http://www.ec.gc.ca/gc-sc/index.cfm?lang=Fr&state=detail&id=7552&quarter=3&fiscal=2016/2017,OKANAGAN NATION ALLIANCE,"WESTBANK, BC, CA",2016-10-25 ,"57 280,00 $",,Aménagement de lieux de ponte naturels destinés aux salmonidés indigènes dans les tronçons chenalisés de la rivière Okanagan,Projet financé par divers ministères et organismes gouvernementaux.
http://www.ec.gc.ca/gc-sc/index.cfm?lang=Fr&state=detail&id=7553&quarter=3&fiscal=2016/2017,ONTARIO NATURE,"TORONTO, ON, CA",2016-10-14 ,"75 981,00 $",,Intendance de la rivière Syndenham,Entente pluriannuelle
http://www.ec.gc.ca/gc-sc/index.cfm?lang=Fr&state=detail&id=7554&quarter=3&fiscal=2016/2017,ORGANISME DE BASSINS VERSANTS DE LA CÔTE-DU-SUD,"MONTMAGNY, QC, CA",2016-12-05 ,"94 790,00 $",,Conservation du fouille-roche gris dans le bassin hydrographique de la rivière du Sud,Entente pluriannuelle
http://www.ec.gc.ca/gc-sc/index.cfm?lang=Fr&state=detail&id=7555&quarter=3&fiscal=2016/2017,ORGANISME DE CONCERTATION POUR L'EAU DES BASSINS VERSANTS DE LA RIVIÈRE NICOLET,"SAINT-ALBERT, QC, CA",2016-11-08 ,"34 869,00 $",,Protection du dard de sable et du fouille-roche gris dans la rivière Nicolet,Entente pluriannuelle
http://www.ec.gc.ca/gc-sc/index.cfm?lang=Fr&state=detail&id=7556&quarter=3&fiscal=2016/2017,ORGANIZATION FOR ECONOMIC COOPERATION AND DEVELOPMENT (OECD),"PARIS, FR",2016-11-07 ,"50 000,00 $",,Groupe d'experts sur le changement climatique (CCXG),
http://www.ec.gc.ca/gc-sc/index.cfm?lang=Fr&state=detail&id=7557&quarter=3&fiscal=2016/2017,PRINCE ALBERT MODEL FOREST ASSOCIATION,"PRINCE ALBERT, SK, CA",2016-07-05 ,"68 000,00 $",,Participation des collectivités à la recherche sur le caribou des bois dans le nord de la Saskatchewan,
http://www.ec.gc.ca/gc-sc/index.cfm?lang=Fr&state=detail&id=7558&quarter=3&fiscal=2016/2017,REGIONAL DISTRICT OF CENTRAL OKANAGAN,"KELOWNA, BC, CA",2016-10-25 ,"200 000,00 $",,Protection des espèces en péril du secteur du centre de l'Okanagan au moyen de l'acquisition de terrains dans le parc régional de Goats Peak,
http://www.ec.gc.ca/gc-sc/index.cfm?lang=Fr&state=detail&id=7559&quarter=3&fiscal=2016/2017,REGIONAL DISTRICT OF CENTRAL OKANAGAN,"KELOWNA, BC, CA",2016-10-25 ,"200 000,00 $",,Contrôle des espèces envahissantes dans le secteur du centre de l'Okanagan au moyen de l'acquisition de terrains au parc régional de Black Mountain,
http://www.ec.gc.ca/gc-sc/index.cfm?lang=Fr&state=detail&id=7560&quarter=3&fiscal=2016/2017,REGIONAL DISTRICT OF OKANAGAN SIMILKAMEEN,"PENTICTON, BC, CA",2016-10-25 ,"210 000,00 $",,Protection des espèces en péril et de l'habitat essentiel dans la région du sud de l'Okanagan et de Similkameen,Entente pluriannuelle
http://www.ec.gc.ca/gc-sc/index.cfm?lang=Fr&state=detail&id=7561&quarter=3&fiscal=2016/2017,RÉSEAU D'OBSERVATION DE MAMMIFÈRES MARINS,"RIVIERE-DU-LOUP, QC, CA",2016-12-22 ,"318 655,00 $",,Campagne axée sur la participation de l'industrie maritime et l'observation dans le cadre de la protection des baleines en péril dans le Saint-Laurent,Entente pluriannuelle.  Projet financé par divers ministères et organismes gouvernementaux.
http://www.ec.gc.ca/gc-sc/index.cfm?lang=Fr&state=detail&id=7562&quarter=3&fiscal=2016/2017,REVELSTOKE CARIBOU REARING IN THE WILD SOCIETY,"REVELSTOKE, BC, CA",2016-11-15 ,"313 650,00 $",,Amélioration du taux de survie des petits des caribous des montagnes au moyen de la mise en parquet dans le cadre de la maternité dans la chaîne Columbia en Colombie-Britannique,Entente pluriannuelle.  Projet financé par divers ministères et organismes gouvernementaux.
http://www.ec.gc.ca/gc-sc/index.cfm?lang=Fr&state=detail&id=7563&quarter=3&fiscal=2016/2017,ROYAL BOTANICAL GARDENS,"BURLINGTON, ON, CA",2016-10-17 ,"35 509,00 $",,Atténuation de la menace liée aux espèces envahissantes pour l'habitat du moucherolle vert et du tricophore à feuilles plates au sanctuaire Cootes Paradise des Jardins botaniques royaux,
http://www.ec.gc.ca/gc-sc/index.cfm?lang=Fr&state=detail&id=7564&quarter=3&fiscal=2016/2017,RURAL LAMBTON STEWARDSHIP NETWORK,"WALLACEBURG, ON, CA",2016-11-30 ,"176 000,00 $",,Création de corridors d'habitat destinés au monarque dans le sud de l'Ontario,Entente pluriannuelle
http://www.ec.gc.ca/gc-sc/index.cfm?lang=Fr&state=detail&id=7565&quarter=3&fiscal=2016/2017,RURAL LAMBTON STEWARDSHIP NETWORK,"WALLACEBURG, ON, CA",2016-10-14 ,"199 710,00 $",,Initiative de restauration des zones humides côtières du lac Sainte-Claire,
http://www.ec.gc.ca/gc-sc/index.cfm?lang=Fr&state=detail&id=7566&quarter=3&fiscal=2016/2017,SCALES NATURE PARK,"ORILLIA, ON, CA",2016-11-29 ,"48 355,00 $",,Évaluations antérieures et récentes de sites relatifs à la rainette faux-criquet dans le comté de Simcoe et le district de Muskoka en Ontario,Entente pluriannuelle
http://www.ec.gc.ca/gc-sc/index.cfm?lang=Fr&state=detail&id=7567&quarter=3&fiscal=2016/2017,SECRETARIAT OF THE CONVENTION ON BIOLOGICAL DIVERSITY,"MONTRÉAL, QC, CA",2016-11-04 ,"500 000,00 $",,Promotion des priorités du Canada dans la Convention sur la diversité biologique,Entente pluriannuelle
http://www.ec.gc.ca/gc-sc/index.cfm?lang=Fr&state=detail&id=7568&quarter=3&fiscal=2016/2017,SIMON FRASER UNIVERSITY,"BURNABY, BC, CA",2016-12-06 ,"142 000,00 $",,Soutien continu au Centre canadien de données et d'analyse de la consommation finale d'énergie dans l'industrie dans le cadre de sa démarche visant à améliorer la qualité et l'accessibilité des renseignements pratiques relatifs à l'utilisation d'énergie et aux émissions de gaz à effet de serre (GES),Entente pluriannuelle.  Projet financé par divers ministères et organismes gouvernementaux.
http://www.ec.gc.ca/gc-sc/index.cfm?lang=Fr&state=detail&id=7569&quarter=3&fiscal=2016/2017,SLOCAN RIVER STREAMKEEPERS SOCIETY,"WINLAW, BC, CA",2016-10-25 ,"26 800,00 $",,"Projet de restauration des terres humides, ferme Crooked Horn, Winlaw (Colombie-Britannique)",
http://www.ec.gc.ca/gc-sc/index.cfm?lang=Fr&state=detail&id=7570&quarter=3&fiscal=2016/2017,SOUTH OF THE DIVIDE CONSERVATION ACTION PROGRAM INC.,"PONTEIX, SK, CA",2016-11-01 ,"35 000,00 $",,Banque de conservation de l'habitat dans la région de South of the Divide dans le sud-ouest de la Saskatchewan,
http://www.ec.gc.ca/gc-sc/index.cfm?lang=Fr&state=detail&id=7571&quarter=3&fiscal=2016/2017,SPLATSIN FIRST NATION,"ENDERBY, BC, CA",2016-11-02 ,"147 470,00 $",,Amélioration du taux de survie des petits des caribous des montagnes au moyen de la mise en parquet liée à la maternité dans la chaîne Columbia en Colombie-Britannique,Entente pluriannuelle.  Projet financé par divers ministères et organismes gouvernementaux.
http://www.ec.gc.ca/gc-sc/index.cfm?lang=Fr&state=detail&id=7572&quarter=3&fiscal=2016/2017,ST. CLAIR REGION CONSERVATION AUTHORITY,"STRATHROY, ON, CA",2016-11-28 ,"270 000,00 $",,Programme de bassins hydrographiques sains de la rivière Sydenham - Approche écosystémique relative aux espèces en péril,Entente pluriannuelle.  Projet financé par divers ministères et organismes gouvernementaux.
http://www.ec.gc.ca/gc-sc/index.cfm?lang=Fr&state=detail&id=7573&quarter=3&fiscal=2016/2017,TALLGRASS ONTARIO,"LONDON, ON, CA",2016-10-14 ,"57 100,00 $",,Restauration des prairies d'herbes hautes pour le monarque et d'autres espèces en péril,Entente pluriannuelle
http://www.ec.gc.ca/gc-sc/index.cfm?lang=Fr&state=detail&id=7574&quarter=3&fiscal=2016/2017,THE BOARD OF GOVENORS OF TRENT UNIVERSITY,"PETERBOROUGH, ON, CA",2016-12-02 ,"70 000,00 $",,Séquençage génétique et contrôle des mutations de signatures à la suite de l'exposition de la faune à des contaminants atmosphériques,Entente pluriannuelle
http://www.ec.gc.ca/gc-sc/index.cfm?lang=Fr&state=detail&id=7575&quarter=3&fiscal=2016/2017,THE BOARD OF GOVERNORS OF TRENT UNIVERSITY,"PETERBOROUGH, ON, CA",2016-11-23 ,"30 000,00 $",,Évaluation de propriétés selon des méthodes fondées sur la chimie quantique ,Entente pluriannuelle
http://www.ec.gc.ca/gc-sc/index.cfm?lang=Fr&state=detail&id=7576&quarter=3&fiscal=2016/2017,THE CHIPPEWAS OF KETTLE AND STONY POINT FIRST NATION,"KETTLE AND STONY POINT FN, ON, CA",2016-10-04 ,"150 000,00 $",,Restauration des zones humides côtières et intérieures des Premières Nations de Kettle et Stony Point,Entente pluriannuelle
http://www.ec.gc.ca/gc-sc/index.cfm?lang=Fr&state=detail&id=7577&quarter=3&fiscal=2016/2017,THE CONFEDERACY OF MAINLAND MI'KMAQ,"TRURO, NS, CA",2016-08-22 ,"166 666,00 $",,Eau propre et nourriture saine : surveillance des écosystèmes par les collectivités mi'kmaq dans les importants bassins versants agricoles dans le Mi'kma'ki (région de l'Atlantique) ,Entente pluriannuelle
http://www.ec.gc.ca/gc-sc/index.cfm?lang=Fr&state=detail&id=7578&quarter=3&fiscal=2016/2017,THE DEANERY PROJECT,"LAKE CHARLOTTE, NS, CA",2016-10-04 ,"63 251,00 $",,Laboratoire d'écoforesterie,
http://www.ec.gc.ca/gc-sc/index.cfm?lang=Fr&state=detail&id=7579&quarter=3&fiscal=2016/2017,THE GOVERNING COUNCIL OF THE UNIVERSITY OF TORONTO,"TORONTO, ON, CA",2016-11-23 ,"50 000,00 $",,Évolution des outils d'échantillonnage passif pour les polluants atmosphériques prioritaires,Entente pluriannuelle
http://www.ec.gc.ca/gc-sc/index.cfm?lang=Fr&state=detail&id=7580&quarter=3&fiscal=2016/2017,THE GOVERNING COUNCIL OF THE UNIVERSITY OF TORONTO,"TORONTO, ON, CA",2016-11-23 ,"55 000,00 $",,Nouvelles méthodes de prévision et de visualisation du partage gaz-particules pour les composés aromatiques polycycliques,Entente pluriannuelle
http://www.ec.gc.ca/gc-sc/index.cfm?lang=Fr&state=detail&id=7581&quarter=3&fiscal=2016/2017,THE GOVERNING COUNCIL OF THE UNIVERSITY OF TORONTO,"TORONTO, ON, CA",2016-11-28 ,"72 000,00 $",,Mesure et modélisation de l'évolution de la volatilité des composés organiques atmosphériques,Entente pluriannuelle
http://www.ec.gc.ca/gc-sc/index.cfm?lang=Fr&state=detail&id=7582&quarter=3&fiscal=2016/2017,THE GOVERNING COUNCIL OF THE UNIVERSITY OF TORONTO,"TORONTO, ON, CA",2016-11-28 ,"129 386,00 $",,Caractérisation de l'incidence de l'ozone stratosphérique et de la production de l'ozone locale sur l'abondance d'ozone troposphérique,Entente pluriannuelle
http://www.ec.gc.ca/gc-sc/index.cfm?lang=Fr&state=detail&id=7583&quarter=3&fiscal=2016/2017,THE GOVERNING COUNCIL OF THE UNIVERSITY OF TORONTO,"TORONTO, ON, CA",2016-11-23 ,"190 000,00 $",,Étude de surveillance de la qualité de l'air à proximité des routes,Entente pluriannuelle
http://www.ec.gc.ca/gc-sc/index.cfm?lang=Fr&state=detail&id=7584&quarter=3&fiscal=2016/2017,THE GOVERNING COUNCIL OF THE UNIVERSITY OF TORONTO,"TORONTO, ON, CA",2016-12-22 ,"185 000,00 $",,Comparaison des contraintes relatives aux estimations des flux de gaz carbonique (CO2) à l'échelle régionale découlant de l'observation du CO2 atmosphérique,Entente pluriannuelle
http://www.ec.gc.ca/gc-sc/index.cfm?lang=Fr&state=detail&id=7585&quarter=3&fiscal=2016/2017,THE GOVERNING COUNCIL OF THE UNIVERSITY OF TORONTO,"TORONTO, ON, CA",2016-11-25 ,"85 000,00 $",,Mesures sur le terrain à l'appui d'estimations améliorées des dépôts d'ammoniac (NH3),Entente pluriannuelle.  Projet financé par divers ministères et organismes gouvernementaux.
http://www.ec.gc.ca/gc-sc/index.cfm?lang=Fr&state=detail&id=7586&quarter=3&fiscal=2016/2017,THE GOVERNING COUNCIL OF THE UNIVERSITY OF TORONTO ,"TORONTO, ON, CA",2016-12-22 ,"185 000,00 $",,"Impacts des aérosols sur la météo, la neige, la glace marine et l'hydroclimat au Canada au cours des dernières années et des décennies à venir",Entente pluriannuelle
http://www.ec.gc.ca/gc-sc/index.cfm?lang=Fr&state=detail&id=7587&quarter=3&fiscal=2016/2017,THE GOVERNORS OF THE UNIVERSITY OF ALBERTA,"EDMONTON, AB, CA",2016-09-06 ,"27 500,00 $",,Intervention concernant la paruline du Canada liée à la remise en état d'emplacements de puits,
http://www.ec.gc.ca/gc-sc/index.cfm?lang=Fr&state=detail&id=7588&quarter=3&fiscal=2016/2017,THE GOVERNORS OF THE UNIVERSITY OF ALBERTA,"EDMONTON, AB, CA",2016-12-08 ,"37 000,00 $",,Répercussions des changements climatiques sur les écosystèmes marins situés à proximité du rivage,
http://www.ec.gc.ca/gc-sc/index.cfm?lang=Fr&state=detail&id=7589&quarter=3&fiscal=2016/2017,THE GOVERNORS OF THE UNIVERSITY OF ALBERTA,"EDMONTON, AB, CA",2016-12-14 ,"30 000,00 $",,Évaluation des risques écologiques liés aux nanomatériaux émergents - élaboration d'une connaissance généralisée fondée sur les propriétés physicochimiques de ces matériaux ,Projet financé par divers ministères et organismes gouvernementaux.
http://www.ec.gc.ca/gc-sc/index.cfm?lang=Fr&state=detail&id=7590&quarter=3&fiscal=2016/2017,THE NATURE CONSERVANCY OF CANADA,"LONDON, ON, CA",2016-10-14 ,"70 000,00 $",,Contrôle et surveillance adaptatifs à grande échelle des phragmites dans les zones humides de Long Point,
http://www.ec.gc.ca/gc-sc/index.cfm?lang=Fr&state=detail&id=7591&quarter=3&fiscal=2016/2017,THE REGENTS OF THE UNIVERSITY OF CALIFORNIA,"DAVIS, US",2016-10-20 ,"40 000,00 $",,"Surveillance de la visibilité transfrontalière à Kananaskis, en Alberta",
http://www.ec.gc.ca/gc-sc/index.cfm?lang=Fr&state=detail&id=7592&quarter=3&fiscal=2016/2017,THE ROYAL INSTITUTION FOR THE ADVANCEMENT OF LEARNING/MCGILL UNIVERSITY  ,"MONTREAL, QC, CA",2016-12-01 ,"49 235,00 $",,Analyse comparative de l'incidence d'hypothèses et de simplifications liées au paramétrage de l'équilibre du partage gaz-particules selon des modèles climatiques et de la qualité de l'air,Entente pluriannuelle.  Projet financé par divers ministères et organismes gouvernementaux.
http://www.ec.gc.ca/gc-sc/index.cfm?lang=Fr&state=detail&id=7593&quarter=3&fiscal=2016/2017,THE ROYAL INSTITUTION FOR THE ADVANCEMENT OF LEARNING/MCGILL UNIVERSITY  ,"MONTREAL, QC, CA",2016-12-01 ,"125 000,00 $",,"Compréhension des réactions photochimiques sur les surfaces d'aérosols, de neige et de glace et identification d'aérosols glaçogènes",Entente pluriannuelle.  Projet financé par divers ministères et organismes gouvernementaux.
http://www.ec.gc.ca/gc-sc/index.cfm?lang=Fr&state=detail&id=7594&quarter=3&fiscal=2016/2017,TRINITY UNITED CHURCH,"COLLINGWOOD, ON, CA",2016-08-03 ,"62 855,00 $",,Modernisation d'un stationnement lié à un aménagement à faible impact,
http://www.ec.gc.ca/gc-sc/index.cfm?lang=Fr&state=detail&id=7595&quarter=3&fiscal=2016/2017,TROUT UNLIMITED CANADA,"EDMONTON, AB, CA",2016-11-21 ,"29 865,00 $",,Efforts en matière d'intendance et de conservation visant à rétablir les populations réduites d'ombre arctique dans le bassin hydrographique du cours supérieur de la rivière Pembina en Alberta,
http://www.ec.gc.ca/gc-sc/index.cfm?lang=Fr&state=detail&id=7596&quarter=3&fiscal=2016/2017,UNITED NATIONS DEVELOPMENT PROGRAMME (UNDP),"RABAT, MA",2016-11-16 ,"200 000,00 $",,Soutien au Maroc dans le cadre de l'organisation de la conférence COP-22,Projet financé par divers ministères et organismes gouvernementaux.
http://www.ec.gc.ca/gc-sc/index.cfm?lang=Fr&state=detail&id=7597&quarter=3&fiscal=2016/2017,UNITED NATIONS ENVIRONMENT PROGRAMME (UNEP) MERCURY PROGRAM,"GENEVA, CH",2016-11-01 ,"200 000,00 $",,Programme relatif au mercure dans le cadre du Programme des Nations Unies pour l'environnement,
http://www.ec.gc.ca/gc-sc/index.cfm?lang=Fr&state=detail&id=7598&quarter=3&fiscal=2016/2017,UNITED NATIONS ENVIRONMENT PROGRAMMME,"NAIROBI, KE",2016-12-19 ,"1 201 950,00 $",,Organisation des célébrations de la Journée mondiale de l'environnement qui auront lieu au Canada du 1er au 7 juin 2017,Entente pluriannuelle
http://www.ec.gc.ca/gc-sc/index.cfm?lang=Fr&state=detail&id=7599&quarter=3&fiscal=2016/2017,UNITED NATIONS ENVIRONMENTAL PROGRAMME,"NAIROBI, KE",2016-10-28 ,"150 000,00 $",,Partenariat pour des carburants et des véhicules propres : approche systémique de la réglementation en matière de carburants et de véhicules propres,Entente pluriannuelle
http://www.ec.gc.ca/gc-sc/index.cfm?lang=Fr&state=detail&id=7600&quarter=3&fiscal=2016/2017,UNIVERSITÉ DU QUÉBEC À MONTRÉAL,"MONTREAL, QC, CA",2016-11-28 ,"100 000,00 $",,Simulation des interactions des aérosols et de la microphysique dans les latitudes nord ,Entente pluriannuelle
http://www.ec.gc.ca/gc-sc/index.cfm?lang=Fr&state=detail&id=7601&quarter=3&fiscal=2016/2017,UNIVERSITY OF BRITISH COLUMBIA,"VANCOUVER, BC, CA",2016-11-23 ,"65 000,00 $",,Caractérisation de la variabilité temporelle et spatiale des niveaux de pollution atmosphérique,
http://www.ec.gc.ca/gc-sc/index.cfm?lang=Fr&state=detail&id=7602&quarter=3&fiscal=2016/2017,UNIVERSITY OF BRITISH COLUMBIA,"VANCOUVER, BC, CA",2016-12-06 ,"49 292,00 $",,Schématisation des services écosystémiques à l'appui de la conservation et de la planification de l'environnement,Projet financé par divers ministères et organismes gouvernementaux.
http://www.ec.gc.ca/gc-sc/index.cfm?lang=Fr&state=detail&id=7603&quarter=3&fiscal=2016/2017,UNIVERSITY OF BRITISH COLUMBIA - OKANAGAN,"KELOWNA, BC, CA",2016-11-15 ,"38 750,00 $",,Gestion améliorée de la gonidée des Rocheuses dans la vallée de l'Okanagan en Colombie-Britannique II,Projet financé par divers ministères et organismes gouvernementaux.
http://www.ec.gc.ca/gc-sc/index.cfm?lang=Fr&state=detail&id=7604&quarter=3&fiscal=2016/2017,UNIVERSITY OF NEW BRUNSWICK,"FREDERICTON, NB, CA",2016-10-25 ,"575 000,00 $",,Soutien scientifique et administratif aux fins de l'étude de la bioévaluation des effets cumulatifs et de l'avancement de la recherche portant sur les incidences de facteurs de stress multiples dans les environnements d'eau douce,Entente pluriannuelle
http://www.ec.gc.ca/gc-sc/index.cfm?lang=Fr&state=detail&id=7605&quarter=3&fiscal=2016/2017,UNIVERSITY OF NEW BRUNSWICK,"FREDERICTON, NB, CA",2016-09-20 ,"56 000,00 $",,Programme de surveillance de la biodiversité circumpolaire - Groupe directeur sur l'eau douce,
http://www.ec.gc.ca/gc-sc/index.cfm?lang=Fr&state=detail&id=7606&quarter=3&fiscal=2016/2017,UNIVERSITY OF SASKATCHEWAN,"SASKATOON, SK, CA",2016-10-25 ,"475 000,00 $",,Recherche en matière de sciences de l'eau dans l'ouest du Canada,Entente pluriannuelle
http://www.ec.gc.ca/gc-sc/index.cfm?lang=Fr&state=detail&id=7607&quarter=3&fiscal=2016/2017,UNIVERSITY OF SASKATCHEWAN,"SASKATOON, SK, CA",2016-12-02 ,"80 000,00 $",,Évaluation des risques potentiels pour la faune liés aux effets directs et indirects des changements climatiques ,Entente pluriannuelle
http://www.ec.gc.ca/gc-sc/index.cfm?lang=Fr&state=detail&id=7608&quarter=3&fiscal=2016/2017,UNIVERSITY OF SASKATCHEWAN,"SASKATOON, SK, CA",2016-10-26 ,"2 200 000,00 $",,Réseau canadien de la santé de la faune,Entente pluriannuelle.  Projet financé par divers ministères et organismes gouvernementaux.
http://www.ec.gc.ca/gc-sc/index.cfm?lang=Fr&state=detail&id=7609&quarter=3&fiscal=2016/2017,UNIVERSITY OF SASKATCHEWAN,"SASKATOON, SK, CA",2016-11-28 ,"140 000,00 $",,Analyse améliorée aux fins de l'observation de la qualité de l'air en orbite géostationnaire et en orbite très elliptique au-dessus du Canada,Entente pluriannuelle.  Projet financé par divers ministères et organismes gouvernementaux.
http://www.ec.gc.ca/gc-sc/index.cfm?lang=Fr&state=detail&id=7610&quarter=3&fiscal=2016/2017,UNIVERSITY OF VICTORIA,"VICTORIA, BC, CA",2016-11-04 ,"575 000,00 $",,Recherche sur le climat et l'eau dans l'ouest et le nord du Canada,Entente pluriannuelle
http://www.ec.gc.ca/gc-sc/index.cfm?lang=Fr&state=detail&id=7611&quarter=3&fiscal=2016/2017,UNIVERSITY OF WATERLOO,"WATERLOO, ON, CA",2016-12-06 ,"64 000,00 $",,Évaluation du rétablissement des fonctions biogéochimiques à la suite de la remise en état d'emplacements de puits dans les écosystèmes tourbeux,Entente pluriannuelle.  Projet financé par divers ministères et organismes gouvernementaux.
http://www.ec.gc.ca/gc-sc/index.cfm?lang=Fr&state=detail&id=7612&quarter=3&fiscal=2016/2017,UNIVERSITY OF WINDSOR,"WINDSOR, ON, CA",2016-11-24 ,"56 000,00 $",,Examen de la répartition des sources et de l'échange air-surface dans le cadre de la spéciation du mercure atmosphérique,Entente pluriannuelle.  Projet financé par divers ministères et organismes gouvernementaux.
http://www.ec.gc.ca/gc-sc/index.cfm?lang=Fr&state=detail&id=7613&quarter=3&fiscal=2016/2017,UPPER THAMES RIVER CONSERVATION AUTHORITY,"LONDON, ON, CA",2016-11-28 ,"300 000,00 $",,Programme de réduction des nutriments dans le bassin hydrographique de la rivière Thames,
http://www.ec.gc.ca/gc-sc/index.cfm?lang=Fr&state=detail&id=7614&quarter=3&fiscal=2016/2017,WALPOLE ISLAND FIRST NATION,"WALPOLE ISLAND, ON, CA",2016-12-01 ,"70 000,00 $",,Activités sur le terrain liées à la restauration et à la mise en valeur des zones humides côtières des Grands Lacs,
http://www.ec.gc.ca/gc-sc/index.cfm?lang=Fr&state=detail&id=7615&quarter=3&fiscal=2016/2017,WEST MOBERLY FIRST NATIONS,"MOBERLY LAKE, BC, CA",2016-11-02 ,"65 400,00 $",,"Amélioration du taux de survie des petits du caribou dans les zones de hardes de caribous de Klinse-Za, de Scott, de Kennedy et de Burnt Pine",
http://www.ec.gc.ca/gc-sc/index.cfm?lang=Fr&state=detail&id=7616&quarter=3&fiscal=2016/2017,WEST SOURIS RIVER CONSERVATION DISTRICT,"RESTON, MB, CA",2016-11-04 ,"125 000,00 $",,Initiative d'intendance des aires importantes de nidification des prairies mixtes du Manitoba ,Entente pluriannuelle
http://www.ec.gc.ca/gc-sc/index.cfm?lang=Fr&state=detail&id=7617&quarter=3&fiscal=2016/2017,WILDLIFE CONSERVATION SOCIETY CANADA,"TORONTO, ON, CA",2016-11-22 ,"44 344,00 $",,"Préparation de l'ouest du Canada en vue du syndrome du museau blanc : mobilisation des citoyens dans le cadre du recensement, de la surveillance et de la conservation des chauves-souris (Colombie-Britannique et Yukon)",
http://www.ec.gc.ca/gc-sc/index.cfm?lang=Fr&state=detail&id=7618&quarter=3&fiscal=2016/2017,WILDLIFE CONSERVATION SOCIETY CANADA,"TORONTO, ON, CA",2016-11-17 ,"49 880,00 $",,"Préparation de l'ouest du Canada en vue du syndrome du museau blanc : mobilisation des citoyens dans le cadre du recensement, de la surveillance et de la conservation des chauves-souris (Alberta)",
http://www.ec.gc.ca/gc-sc/index.cfm?lang=Fr&state=detail&id=7619&quarter=3&fiscal=2016/2017,WILDLIFE DYNAMICS,"SMITHERS, BC, CA",2016-10-11 ,"34 240,00 $",,Freiner le déclin rapide de l'autour des palombes dans le nord de la Colombie-Britannique,
http://www.ec.gc.ca/gc-sc/index.cfm?lang=Fr&state=detail&id=7620&quarter=3&fiscal=2016/2017,WILDLIFE PRESERVATION CANADA,"GUELPH, ON, CA",2016-11-09 ,"135 796,00 $",,"Gestion intégrée de l'écosystème liée au rétablissement de la pie-grièche migratrice, une sous-espèce de l'est en voie de disparition, et intendance constructive des alvars associés et de l'habitat des espèces des prairies à herbes courtes",Entente pluriannuelle
http://www.ec.gc.ca/gc-sc/index.cfm?lang=Fr&state=detail&id=7621&quarter=3&fiscal=2016/2017,WORLD METEOROLOGICAL ORGANIZATION,"GENEVA, CH",2016-12-22 ,"90 000,00 $",,Facilitation de la coordination internationale des sciences du climat à l'appui de projets de recherche et d'évaluation à l'échelle mondiale et régionale,Entente pluriannuelle
http://www.ec.gc.ca/gc-sc/index.cfm?lang=Fr&state=detail&id=7622&quarter=3&fiscal=2016/2017,YORK UNIVERSITY,"TORONTO, ON, CA",2016-12-01 ,"183 000,00 $",,Flux de polluants atmosphériques dans le couvert forestier : observations et modélisation,Entente pluriannuelle.  Projet financé par divers ministères et organismes gouvernementaux.
http://www.ec.gc.ca/gc-sc/index.cfm?lang=Fr&state=detail&id=7623&quarter=3&fiscal=2016/2017,ZOO DE GRANBY,"GRANBY, QC, CA",2016-10-04 ,"177 440,00 $",,Protection de la tortue molle à épines et de son habitat dans la région du lac Champlain au Québec,Entente pluriannuelle
